{
  "users": [
    {
      "name": "tasmeer",
      "email": "",
      "password": "",
      "id": 1
    },
    {
      "name": "tasmeer",
      "email": "tasmeer7@gmail.com",
      "password": "123",
      "id": 2
    },
    {
      "name": "abc",
      "email": "",
      "password": "",
      "id": 3
    },
    {
      "name": "hello",
      "email": "",
      "password": "",
      "id": 4
    },
    {
      "name": "rose",
      "email": "",
      "password": "",
      "id": 5
    },
    {
      "name": "",
      "email": "",
      "password": "",
      "id": 6
    },
    {
      "name": "hello",
      "email": "hello@gmail.com",
      "password": "hello123",
      "id": 7
    }
  ],
  "restaurant": [
    {
      "id": 1,
      "name": "burger lab",
      "contact": 77777
    },
    {
      "name": "ginsoy",
      "contact": "1234",
      "id": 3
    }
  ]
}